<?xml version="1.0" encoding="UTF-8"?>
<beans xmlns="http://www.springframework.org/schema/beans"
	xmlns:xsi="http://www.w3.org/2001/XMLSchema-instance"
	xmlns:context="http://www.springframework.org/schema/context"
	xmlns:tx="http://www.springframework.org/schema/tx"
	xmlns:mvc="http://www.springframework.org/schema/mvc"
	xsi:schemaLocation="http://www.springframework.org/schema/beans
	 https://www.springframework.org/schema/beans/spring-beans.xsd
	 http://www.springframework.org/schema/context 
	 http://www.springframework.org/schema/context/spring-context.xsd
	 http://www.springframework.org/schema/tx
	 http://www.springframework.org/schema/tx/spring-tx.xsd
	 http://www.springframework.org/schema/mvc
	 http://www.springframework.org/schema/mvc/spring-mvc.xsd
	 ">

    <context:annotation-config />
    <context:component-scan
        base-package="com.project" />
    <tx:annotation-driven />

    <!-- this is your datasource -->
    <bean id="dataSource"
        class="org.springframework.jdbc.datasource.DriverManagerDataSource">
        <property name="driverClassName"
            value="org.postgresql.Driver" />
        <property name="url"
            value="jdbc:postgresql://database-1.cju3cri09bx7.us-east-1.rds.amazonaws.com:5432/postgres"/>
        <property name="username" value="anasproject" />
        <property name="password" value="23164Bob!" />
    </bean>

    <!-- this is your session factory -->
    <bean id="sessionFactory"
        class="org.springframework.orm.hibernate5.LocalSessionFactoryBean">
        <property name="dataSource" ref="dataSource" />
        <property name="packagesToScan" value="pojo" />
        <property name="hibernateProperties">
            <props>
                <prop key="hibernate.dialect">org.hibernate.dialect.PostgreSQLDialect
                </prop>
                <prop key="hibernate.show_sql">
                    true
                </prop>
                <prop key="hibernate.format_sql">
                    true
                </prop>
                <prop key="hibernate.hbm2ddl.auto">update</prop>
            </props>
        </property>

    </bean>


    <bean id="transactionManager"
        class="org.springframework.orm.hibernate5.HibernateTransactionManager">
        <property name="sessionFactory" ref="sessionFactory"/>
    </bean>



</beans>